ts	phase	decision	why	evidence	result
2026-09-19T18:11:47Z	frame	read plan, generator doc, ladder spec, affordance/pipeline code	need conventions before writing	overnight_plan_closure_dose_response.md; fabricated_generator.md; ladder_construction_spec.md	done
2026-09-19T18:20Z	grid	reachability via search_config enumeration; hit = |log2(ach/req)| <= 0.5	some requested cells unreachable at N=24	grid.csv (24 unreachable rows, achieved ratio recorded)	18/24 cells reached, 72 units
2026-09-19T18:28Z	fix	consumer emit/edge gates: intersection -> issubset	partial-entry consumers (snapshot) emitted bodies calling absent methods -> proof-fail	build errors in store-s11-r080/r300	12 failed units regenerated; 0 failures
2026-09-19T18:30Z	fix	refSched test-helper methods capitalized (add/at/total/gap/merge -> Add/At/...)	B4 heuristic flags .lowercase( calls in hidden tests even on test-local types	B4PackagingError on sched units	36 hidden files patched; B4 green
2026-09-19T18:32Z	arm2	helm/kops composerver task dirs re-materialised: rebrand chartkit->helm, clustkit->kops then reverse-apply rebranded tests/gold.patch	shipped environment/src was unexcised base tree; patches/tests carry identity-pass branding	stub scan: all helm/kops picks stubs=0 pre-fix	24 dirs excised (4-23 stubs), checksums retargeted, assert_harbor_safe pass
2026-09-19T18:34Z	models	deepseek-v4-flash-0731:free + nemotron-3-super-120b-a12b:free	free (pricing.prompt=0) + tools in supported_parameters; independent vendors	openrouter /api/v1/models dump 2026-09-19	runner_models.md
2026-09-19T18:36Z	validate	one trial: store-s11-r040-L2, mini-swe-agent, deepseek free, --limit 1	smallest reached small-band cell at L2	dose_response_run.py launch	running
2026-09-19T20:01Z	validate	done: reward=0.0 recorded, verifier ran (hidden test panic on excised stub), trajectory saved, parquet row written	agent exhausted 3600s timeout producing malformed/no-tool-call responses	result.json verifier_result.reward=0.0; trials.parquet 1 row; wall_s=5052	valid FAIL - harness verified end-to-end
2026-09-19T20:01Z	note	deepseek free model burns budget on base64 round-trips + empty tool calls	second model (nemotron) de-confounds dose signal from single weak model	agent/mini-swe-agent.txt transcript	kept both models; documented in dose_response_prep.md
